"title","date","link"
"2D Artist","3 недели назад
2020-03-10","/company522648/vacancy5548722"
"IT Project Manager","1 неделю назад
2020-03-24","/company928659/vacancy7922416"
"Research analyst (remote)","3 недели назад
2020-03-10","/company9422909/vacancy7922364"
"Тестировщик / QA","2 недели назад
2020-03-17","/company1163066/vacancy7890213"
"Support operator","3 дня назад
2020-03-31","/company1881126/vacancy7856299"
"Junior QA Engineer","1 неделю назад
2020-03-24","/company9385709/vacancy7911942"
"Junior Information Security Engineer","2 недели назад
2020-03-17","/company5309028/vacancy7922159"
"Системный администратор","2 недели назад
2020-03-17","/company561163/vacancy7922123"
"Art Project Manager","3 дня назад
2020-03-31","/company7800493/vacancy7891746"
"2D Artist (Mobile games)","3 недели назад
2020-03-10","/company6638191/vacancy7922034"
"Linux System Administrator","1 неделю назад
2020-03-24","/company928659/vacancy7921855"
"Linux System Administrator","1 неделю назад
2020-03-24","/company928659/vacancy7921852"
"Начальник відділу бізнес-аналітики/оптимізації бізнесу","2 недели назад
2020-03-17","/company104143/vacancy7861757"
"AEM Developer, Global Media Commerce Company","2 недели назад
2020-03-17","/company277662/vacancy7921345"
"Senior Python Engineer","4 дня назад
2020-03-30","/company133752/vacancy7921763"
"Fulltime Remote Middle Frontend developer CMS / удаленно","4 недели назад
2020-03-09","/company6699434/vacancy7921756"
"Системный администратор","3 недели назад
2020-03-16","/company2068002/vacancy7921636"
".NET developer","3 недели назад
2020-03-15","/company172409/vacancy7705022"
"Support Manager (выходного дня)","4 недели назад
2020-03-08","/company626589/vacancy7921527"
"Аналітик консолідованої інформації","4 недели назад
2020-03-08","/company242674/vacancy7886960"
"Middle Front-End Developer","2 месяца назад
2020-02-04","/company6956139/vacancy7883298"
"Спеціаліст з моніторингу електронних транзакцій ГО","1 месяц назад
2020-03-03","/company203681/vacancy7809162"
"Junior PHP developer","1 месяц назад
2020-03-03","/company864636/vacancy7853706"
"Recruiter","2 месяца назад
2020-02-04","/company2907077/vacancy7883260"
"Junior Android Developer","1 месяц назад
2020-02-18","/company1170189/vacancy7883250"
"Аналитик","2 месяца назад
2020-02-04","/company339772/vacancy7859096"
"Аналітик","1 месяц назад
2020-03-03","/company778873/vacancy7834712"
"System administrator / DevOps with PostgreSQL background","1 месяц назад
2020-03-03","/company1590638/vacancy7326624"
"Розробник WEB-рішень на ASP.NET (C#)","1 месяц назад
2020-03-03","/company972078/vacancy7856352"
"Системний аналітик","1 месяц назад
2020-03-03","/company1020/vacancy7760652"
"Спеціаліст з операційно-касового обслуговування юридичних осіб","1 месяц назад
2020-03-03","/company511194/vacancy6900545"
"Middle Sitecore Developer, Global Workspace Provider","1 месяц назад
2020-03-03","/company277662/vacancy7883087"
"Big Data Engineer (Lisbon)","1 месяц назад
2020-03-03","/company6278777/vacancy7856437"
"Адміністратор бази даних","2 месяца назад
2020-02-04","/company9183919/vacancy7883108"
"IT Project Manager","1 месяц назад
2020-03-03","/company307419/vacancy7709216"
"Аnalyst SQL (Data Governance)","1 месяц назад
2020-03-03","/company307419/vacancy6933804"
"Beta tester","2 месяца назад
2020-02-04","/company9213336/vacancy7883094"
"Змінний системний адміністратор","1 месяц назад
2020-02-25","/company1012458/vacancy7754429"
"Senior Project Manager (Game Tech Account)","2 месяца назад
2020-02-11","/company825/vacancy7834354"
"Менеджер по работе с клиентами в чате","2 месяца назад
2020-02-18","/company3155338/vacancy6946687"
"Middle .NET Developer (Document Management System)","1 месяц назад
2020-02-24","/company825/vacancy7855469"
"Начальник відділу адміністрування мережі","1 месяц назад
2020-03-02","/company750796/vacancy7827594"
"Начальник відділу системного адміністрування","1 месяц назад
2020-03-02","/company750796/vacancy7827694"
"Ruby developer","2 месяца назад
2020-02-02","/company1008513/vacancy7881805"
"Web designer в швейцарской ИТ-компании","2 месяца назад
2020-02-02","/company8446979/vacancy7771898"
"Junior Java developer в швейцарской ИТ-компании","2 месяца назад
2020-02-02","/company8446979/vacancy7786331"
"Front-end developer","2 месяца назад
2020-02-02","/company7167546/vacancy7881771"
"Експерт з питань міжнародної політики та безпеки","2 месяца назад
2020-02-03","/company4187118/vacancy7881764"
"Оператор клиентской поддержки","2 месяца назад
2020-02-02","/company8517398/vacancy7881744"
"Business analyst","2 месяца назад
2020-02-02","/company3308776/vacancy7881734"
"Data scientist","2 месяца назад
2020-02-02","/company3308776/vacancy7881732"
"Full-Stack WEB Developer","2 месяца назад
2020-02-02","/company9197844/vacancy7881697"
"Подработка для веб-дизайнеров","2 месяца назад
2020-02-01","/company9198224/vacancy7881694"
"3D-дизайнер","2 месяца назад
2020-02-01","/company7004452/vacancy7881678"
"Frontend Developer (Junior)","2 месяца назад
2020-02-01","/company5061575/vacancy6603132"
"Менеджер Проектного офиса по трансформациям / РМО","1 месяц назад
2020-02-29","/company745470/vacancy7881648"
"Middle PHP Web Developer","2 месяца назад
2020-02-01","/company5061575/vacancy7776367"
"Junior Python Odoo Developer","2 месяца назад
2020-02-01","/company9195780/vacancy7881645"
"Product owner","1 месяц назад
2020-02-29","/company1409475/vacancy7881643"
"SEO-Специалист","2 месяца назад
2020-02-01","/company9196496/vacancy7881630"
"Бухгалтер-консультант відділу впровадження ISpro","1 месяц назад
2020-02-27","/company5017284/vacancy7880024"
"Program Operations Manager (IT)","1 месяц назад
2020-02-27","/company1107888/vacancy7880022"
"IT рекрутер","2 месяца назад
2020-01-30","/company6619117/vacancy7878198"
"Senior Java Developer","1 месяц назад
2020-02-27","/company1197/vacancy7780944"
"Системный администратор","1 месяц назад
2020-02-27","/company1455295/vacancy7879995"
"Инженер службы сопровождения платежных систем (SWIFT)","1 месяц назад
2020-02-27","/company472186/vacancy7672763"
"Руководитель проекта онлайн-кредитования","2 месяца назад
2020-01-30","/company7321768/vacancy7879979"
"Программист ASP .NET, C#, Middle/Senior Developer","2 месяца назад
2020-01-30","/company9070213/vacancy7879960"
"Менеджер по продажам","1 месяц назад
2020-02-27","/company319985/vacancy7850181"
"Инженер технической поддержки (EN)","1 месяц назад
2020-02-27","/company7646835/vacancy7879955"
"IT Project Manager","2 месяца назад
2020-01-30","/company4819986/vacancy7879954"
"Junior IT Project manager","2 месяца назад
2020-01-30","/company4819986/vacancy7879950"
"Technical writer","1 месяц назад
2020-02-27","/company7646835/vacancy7833058"
"Аналітик бізнес процесів","2 месяца назад
2020-01-30","/company545511/vacancy7879948"
"Программист 1С","1 месяц назад
2020-02-27","/company1113681/vacancy7849531"
"Frontend Engineer (Automation)","1 месяц назад
2020-02-27","/company966/vacancy7879945"
"Middle / Senior Full-stack .Net developer #8644","1 месяц назад
2020-02-27","/company788/vacancy7879943"
"Senior Perl Developer","2 месяца назад
2020-01-30","/company2029698/vacancy7852843"
"Professional Services Engineer / IT Engineer (with paid Trainee Program)","2 месяца назад
2020-02-13","/company720/vacancy7837487"
"Системний адміністратор","2 месяца назад
2020-01-30","/company8857531/vacancy7879915"
"Менеджер по продаже программных продуктов","2 месяца назад
2020-01-29","/company8143198/vacancy7669059"
"Product implementation analyst (sql)","1 месяц назад
2020-02-26","/company117264/vacancy7878591"
"Системный администратор","1 месяц назад
2020-02-26","/company892353/vacancy7147142"
"IT Sales Manager","2 месяца назад
2020-01-29","/company6788180/vacancy7866886"
"PHP Developer/Tech Lead","2 месяца назад
2020-01-29","/company2986195/vacancy7847526"
"Системный администратор","2 месяца назад
2020-01-29","/company3367144/vacancy7878553"
"Product Development Engineer","1 месяц назад
2020-02-26","/company9169120/vacancy7878097"
"Сетевой инженер Cisco","1 месяц назад
2020-02-26","/company1140082/vacancy7878547"
"Инженер по серверному направлению и СХД","1 месяц назад
2020-02-26","/company1140082/vacancy7878546"
"HR-Менеджер","1 месяц назад
2020-02-26","/company1140082/vacancy7878544"
"Senior Customer Support Representative","1 месяц назад
2020-02-26","/company6145153/vacancy7878531"
"Специалист консолидированной информации и автоматизации","1 месяц назад
2020-02-26","/company992935/vacancy7878514"
"Project Manager Assistant","1 месяц назад
2020-02-26","/company7001378/vacancy7851449"
"Middle .NET Developer","2 месяца назад
2020-01-29","/company9173325/vacancy7878471"
"DevOps Engineer","1 месяц назад
2020-02-26","/company4043863/vacancy7878480"
"Керівник групи CRM Siebel","1 месяц назад
2020-02-26","/company125625/vacancy7878473"
"Головний спеціаліст відділу інформаційної безпеки","2 месяца назад
2020-02-12","/company125625/vacancy7797008"
"Фахівець з інформаційної безпеки","2 месяца назад
2020-02-12","/company125625/vacancy7788622"
"Data Engineer (Java)","1 месяц назад
2020-02-26","/company2010137/vacancy7446889"
"Python Web Developer","2 месяца назад
2020-01-29","/company4022911/vacancy7878450"
"Project Manager (освітні проекти з робототехніки)","1 месяц назад
 2020-02-24","/company687534/vacancy7876699"
"WordPress developer","1 месяц назад
2020-02-24","/company2023797/vacancy7876674"
"Фахівець з інформаційних технологій","2 месяца назад
2020-02-17","/company1372592/vacancy7876664"
"ASP.NET Developer","2 месяца назад
2020-01-27","/company9160010/vacancy7876656"
"Системний адміністратор","1 месяц назад
2020-02-24","/company156300/vacancy7876308"
"Customer Service Agent (English-speaking)","1 месяц назад
2020-02-24","/company2697712/vacancy7773247"
"Технічний спеціаліст у відділ Маркетингу","1 месяц назад
2020-02-24","/company3742365/vacancy7876626"
"Системный администратор","1 месяц назад
2020-02-24","/company60018/vacancy7845853"
"Middle Java Developer","1 месяц назад
2020-02-24","/company3436873/vacancy7876623"
"Middle Project Manager","2 месяца назад
2020-01-27","/company7661419/vacancy7876621"
"ІТ Рекрутер (IT Talent Sourcer/IT Recruiter)","2 месяца назад
2020-01-27","/company7326284/vacancy7876382"
"Junior Front-end developer","1 месяц назад
2020-02-24","/company3229706/vacancy7876604"
"Lead Generation Specialist","2 месяца назад
2020-01-27","/company6118550/vacancy7876586"
"SQL Team Lead #7004","1 месяц назад
2020-02-24","/company598120/vacancy7876580"
"Web-программист","2 месяца назад
2020-01-27","/company3455838/vacancy7876546"
"Системний адміністратор у відділ технічної підтримки","2 месяца назад
2020-01-27","/company7782909/vacancy7876525"
"Специалист технической поддержки","2 месяца назад
2020-01-27","/company872509/vacancy6711695"
"Big Data Senior Engineer (Vancouver) #7013","1 месяц назад
2020-02-24","/company598120/vacancy7876523"
"Системный администратор, инженер техподдержки хостинга","2 месяца назад
2020-01-27","/company3607891/vacancy7876521"
"JavaScript Senior Engineer","1 месяц назад
2020-02-24","/company598120/vacancy7876513"
"Аналитик","1 месяц назад
2020-02-21","/company1080091/vacancy7875013"
"Фахівець з інформаційної безпеки","1 месяц назад
2020-02-21","/company253960/vacancy7875007"
"Technical Support Engineer for Ciklum Digital","2 месяца назад
2020-02-14","/company209907/vacancy7875002"
"Фахівець відділу аналітики","2 месяца назад
2020-01-31","/company667391/vacancy7874994"
"Спеціаліст Helpdesk","2 месяца назад
2020-02-07","/company39430/vacancy7874992"
"Системный администратор","1 месяц назад
2020-02-21","/company2406128/vacancy7724398"
"Customer Support Specialist","2 месяца назад
2020-01-24","/company7400674/vacancy7702296"
"Full Stack Developer (Angular + TypeScript)","2 месяца назад
2020-01-24","/company7237960/vacancy7828494"
"Junior QA Engineer (Web Testing Team)","1 месяц назад
2020-02-21","/company1877620/vacancy7874978"
"Контроллер онлайн-платежей","1 месяц назад
2020-02-21","/company1590638/vacancy7249434"
"PHP Developer","2 месяца назад
2020-01-24","/company2375783/vacancy7874922"
"Программист 1С","2 месяца назад
2020-01-24","/company8869012/vacancy7874955"
"Middle Front-End Developer","2 месяца назад
2020-02-07","/company1936168/vacancy7745333"
"Junior UI/UX designer","2 месяца назад
2020-02-07","/company3588833/vacancy7197540"
"Middle Front End Developer","1 месяц назад
2020-02-21","/company53505/vacancy7802942"
"Менеджер по продажам","1 месяц назад
2020-02-21","/company8117421/vacancy7851058"
"PHP Developer","2 месяца назад
2020-01-24","/company5121188/vacancy7874904"
"Senior/middle Android developer (банк)","2 месяца назад
2020-01-24","/company923/vacancy7530554"
"Senior/middle IOS разработчик (банк)","2 месяца назад
2020-01-24","/company923/vacancy7530548"
"Спеціаліст відділу підтримки та супроводження програмного забезпечення","1 месяц назад
2020-02-21","/company6166950/vacancy7272595"
"Frontend React Developer","2 месяца назад
2020-02-06","/company908827/vacancy7873402"
"Системный аналитик","1 месяц назад
2020-02-20","/company1677129/vacancy7873398"
"Senior Test Automation Engineer (Java), ID 40480","1 месяц назад
2020-02-20","/company959/vacancy7873396"
"React Native Developer","2 месяца назад
2020-02-06","/company908827/vacancy7873388"
"HeadHunter (Forex)","1 месяц назад
2020-02-20","/company2969172/vacancy7873386"
"Junior QA Engineer (Web and Mobile)","2 месяца назад
2020-02-13","/company908827/vacancy7873377"
"Team Lead Front-End developer (Angular)","1 месяц назад
2020-02-20","/company744547/vacancy7873376"
"IT QA Engineer","2 месяца назад
2020-01-23","/company3880293/vacancy7314800"
"Системный администратор","2 месяца назад
2020-02-06","/company4787704/vacancy7732276"
"Customer support/Integrations support","1 месяц назад
2020-02-20","/company6637293/vacancy7823426"
"Middle/Senior Full-Stack developer","2 месяца назад
2020-01-23","/company9130161/vacancy7873270"
"Менеджер по продажам ИТ оборудования и комплектующих","2 месяца назад
2020-01-23","/company4805600/vacancy7873325"
"Project manager (web projects)","2 месяца назад
2020-01-23","/company1445125/vacancy7392100"
"Программист 1С","2 месяца назад
2020-01-23","/company2613035/vacancy7809153"
"Unity 3D Developer","2 месяца назад
2020-01-23","/company3602223/vacancy7270054"
"Recruitment Researcher","2 месяца назад
2020-02-06","/company171327/vacancy7661752"
"Системный администратор","1 месяц назад
2020-02-20","/company0/vacancy7873295"
"Junior Marketing Specialist (Outreach)","1 месяц назад
2020-02-20","/company1765109/vacancy7443178"
"Веб разработчик","1 месяц назад
2020-02-20","/company2016663/vacancy7517190"
"Data scientist","1 месяц назад
2020-02-20","/company1590638/vacancy7805032"
"SAP ABAP Developer (ID: 8623)","1 месяц назад
2020-02-18","/company788/vacancy7871573"
"SAP ABAP Developer (ID: 8623)","1 месяц назад
2020-02-18","/company788/vacancy7871568"
"SAP ABAP Developer (ID: 8623)","1 месяц назад
2020-02-18","/company788/vacancy7871567"
"SAP ABAP Developer (ID: 8623)","1 месяц назад
2020-02-18","/company788/vacancy7871566"
"On-Call Operator","2 месяца назад
2020-01-21","/company119636/vacancy7871557"
"Консультант по внедрению (медицина)","1 месяц назад
2020-02-18","/company6923852/vacancy7871555"
"Аналитик бизнес-процессов","2 месяца назад
2020-01-21","/company5204377/vacancy7871551"
"It Sales Manager","1 месяц назад
2020-02-18","/company1689688/vacancy7810820"
"Junior Automation QA Engineer (Python)","2 месяца назад
2020-01-28","/company7068162/vacancy7871520"
"Middle/Senior Python Developer","1 месяц назад
2020-02-18","/company7068162/vacancy7871512"
"Системний адміністратор","1 месяц назад
2020-02-18","/company1012458/vacancy7871511"
"Sales Executive for the UK market","2 месяца назад
2020-01-21","/company6127922/vacancy7871510"
"IT Project Manager","2 месяца назад
2020-01-21","/company8260151/vacancy7871505"
"Data Analyst","2 месяца назад
2020-01-21","/company7066184/vacancy7871504"
"Інженер з телекомунікацій","1 месяц назад
2020-02-18","/company1012458/vacancy7871503"
"Lead Tech Recruitment Consultant","2 месяца назад
2020-01-21","/company5109346/vacancy7871493"
"Junior IT Sales Manager","1 месяц назад
2020-02-18","/company1107888/vacancy7871490"
"QA Engineer (Web/Mobile)","2 месяца назад
2020-02-04","/company1630086/vacancy7871463"
"2d аниматор","1 месяц назад
2020-02-18","/company4225296/vacancy7871437"
"Менеджер проєктів управління методології та розробки бізнес - процесів","2 месяца назад
2020-02-04","/company1020/vacancy7871431"
"Спеціаліст з підтримки інформаційних систем","2 месяца назад
2020-01-20","/company847/vacancy7852069"
"Junior Automation QA Engineer","2 месяца назад
2020-02-10","/company4732447/vacancy7847801"
"Middle .NET Developer (Cloud Management System)","2 месяца назад
2020-02-17","/company825/vacancy7870190"
"HR-менеджер, офис-менеджер, рекрутер","2 месяца назад
2020-02-17","/company6198059/vacancy7870186"
"HR/Recruitment Assistant","2 месяца назад
2020-02-03","/company2390966/vacancy7870185"
"Продакт менеджер по направлению сервера и системы хранения данных","2 месяца назад
2020-02-17","/company956626/vacancy7697252"
"Middle .Net developer","2 месяца назад
2020-01-20","/company7561883/vacancy7723062"
"Data & CRM (Salesforce) Analyst","2 месяца назад
2020-01-20","/company8607338/vacancy7870170"
"Инженер-электронщик","2 месяца назад
2020-01-20","/company8222209/vacancy7870154"
"React-Native Developer","2 месяца назад
2020-01-20","/company6788180/vacancy7870139"
"Администраторы по внедрения 1С: Предприятие 8.3 УПП.","2 месяца назад
2020-02-17","/company2456827/vacancy7870130"
"Strong Middle/Senior Java FullStack developer","2 месяца назад
2020-02-03","/company38230/vacancy7870129"
"Senior DevOps Engineer","2 месяца назад
2020-01-20","/company38230/vacancy7870124"
"Lead/Senior Java Engineer","2 месяца назад
2020-01-20","/company38230/vacancy7870114"
"Junior Strong Python Engineer","2 месяца назад
2020-01-20","/company38230/vacancy7870107"
"Junior project manager","2 месяца назад
2020-02-17","/company4321359/vacancy7144090"
"Java Script developer (JQuery)","2 месяца назад
2020-01-20","/company7561883/vacancy7803866"
"Ведущий Консультант 1С","2 месяца назад
2020-02-17","/company6761744/vacancy7870098"
"Product owner","2 месяца назад
2020-02-17","/company849185/vacancy7823726"
"Level Designer","2 месяца назад
2020-02-17","/company1699495/vacancy7811774"
"PHP Team Leader","1 год назад
2019-03-01","/company6192745/vacancy7527481"
"Front- end Team Leader","1 год назад
2019-03-01","/company6192745/vacancy7527478"
"Middle QA Engineer for CODE Worldwide (Dnipro)","1 год назад
2019-02-22","/company209907/vacancy7527461"
"Front-end Team leader","1 год назад
2019-03-01","/company6192745/vacancy7527455"
"Рекрутер","1 год назад
2019-02-08","/company3902477/vacancy7527418"
"It специалист програмист","1 год назад
2019-02-01","/company7713059/vacancy7527394"
"Game Designer","1 год назад
2019-03-01","/company43767/vacancy7527387"
"CS специалист Local IT","1 год назад
2019-03-01","/company1184305/vacancy6461414"
"Администратор/Оператор баз данных CRM (technical support specialist)","1 год назад
2019-02-22","/company876004/vacancy7493583"
"Менеджер по развитию бизнеса (Информационная безопасность)","1 год назад
2019-03-01","/company6416025/vacancy7527360"
"Фахівець з сервісної підтримки","1 год назад
2019-03-01","/company370714/vacancy7525324"
"Lead Java Developer / Team Lead","1 год назад
2019-03-01","/company5302080/vacancy6941820"
"Junior Manual Quality Assurance Engineer (Trainee)","1 год назад
2019-03-01","/company4612456/vacancy7527284"
"Junior Automation QA Egineer","1 год назад
2019-03-01","/company4612456/vacancy7527282"
"Junior JavaScript Developer (Trainee)","1 год назад
2019-03-01","/company4612456/vacancy7527281"
"Junior IT Helpdesk Engineer (IRC69076)","1 год назад
2019-03-01","/company794/vacancy7527271"
"Java Lecture Writer","1 год назад
2019-03-01","/company3867478/vacancy7527264"
"Middle/ Senior UI Developer (Angular 2+) (IRC70422)","1 год назад
2019-03-01","/company794/vacancy7527260"
"Senior Full Stack JavaScript Developer (Healthcare Project)","1 год назад
2019-03-01","/company825/vacancy7527234"
"Embedded Engineer – C, Linux Kernel (IRC70540)","1 год назад
2019-03-01","/company794/vacancy7527221"
